{
  "project_info": {
    "project_number": "962912773837",
    "project_id": "jamshad-1a364",
    "storage_bucket": "jamshad-1a364.firebasestorage.app"
  },
  "client": [
    {
      "client_info": {
        "mobilesdk_app_id": "1:962912773837:android:fdc4796fcc3f5960dd6b84",
        "android_client_info": {
          "package_name": "com.example.mid"
        }
      },
      "oauth_client": [],
      "api_key": [
        {
          "current_key": "AIzaSyBzisoyZ8S0WRRAzREOQ-0eBNd7j8_-gYA"
        }
      ],
      "services": {
        "appinvite_service": {
          "other_platform_oauth_client": []
        }
      }
    }
  ],
  "configuration_version": "1"
}